New Site Code,Asset Number,Catchment, Action Number,Site Number ,Waterway Action Plan ,Landholder,Contact,Action Summary ,Action ,Priority in WAP,Numeric Priority (Based on WAP),Lead Agency,Easting GDA 94 (start of works only),Northing GDA 94  (start of works only), Cost Estimate of Works , Actual Cost of Works , Status ,Inpsected ,Comments,Unnamed: 20,Unnamed: 21,lon,lat
WAP_2025_08_00038,,Reach 1,1.1,R1,Concongella Creek WAP 2003,Unknown,Null,Fencing & Revegetation,Fencing & Revegetation,Low,1,WCMA,Null,Null,"$60,000.00",$-,Planning,,,,,,
WAP_2025_08_00039,,Reach 1,1.2,Unknown,Concongella Creek WAP 2003,Unknown,Null,Monitor bridge cleaning activities undertaken by Vicroads,Monitor,Low,1,Vicroads,Null,Null,$500.00,$-,Planning,,,,,,
WAP_2025_08_00040,,Reach 2,2.1,R2,Concongella Creek WAP 2003,Unknown,Null,Treat active erosion in the right bank tributary adjacent to Bulgana Road,Stability,Medium,2,,Null,Null,"$1,200.00",$-,Planning,,,,,,
WAP_2025_08_00041,,Reach 2,2.2,R2,Concongella Creek WAP 2003,Unknown,Null,Investigate stability of any drop structures and repair and maintain as appropriate,Stability,Medium,2,,Null,Null,"$1,200.00",$-,Unknown,,,,,,
WAP_2025_08_00042,,Reach 2,2.3,R2,Concongella Creek WAP 2003,Unknown,Null,Monitor the condition of drop structures,Stability,Medium,2,,Null,Null,"$1,200.00",$-,Unknown,,,,,,
WAP_2025_08_00043,,Reach 2,2.4,R2,Concongella Creek WAP 2003,Unknown,Null,Fence and revegetate Concongella creek and its tributaries,Fencing & Revegetation,Medium,2,WCMA,Null,Null,"$60,000.00",$-,Planning,,,,,,
WAP_2025_08_00044,,Reach 3,3.1,R3,Concongella Creek WAP 2003,Unknown,Null,Treat active erosion in right bank tributary downstream from Sycamores Road,Stability,Medium,2,,Null,Null,"$10,000.00",$-,Planning,,Steve West Site - Redesign?,,,,
WAP_2025_08_00045,,Reach 1,3.1,Unknown,Concongella Creek WAP 2003,Unknown,Null,Treat active bank erosion heads in the upstream reaches of Allanvale Creek and in the right bank tributary upstream from McKays Woolshed Road,Treatment,Medium,2,,Null,Null,"$10,000.00",$-,Completed,,Constructed 09/10,,,,
WAP_2025_08_00046,,Reach 3,3.2,R3,Concongella Creek WAP 2003,Unknown,Null,Fence and revetate Concongella creek and its tributaries,Fencing & Revegetation,Medium,2,WCMA,Null,Null,"$30,000.00",$-,Planning,,,,,,
WAP_2025_08_00047,,Reach 3,3.3,R3,Concongella Creek WAP 2003,Unknown,Null,Investigate stability of any drop structures and repair and maintain as appropriate,Stability,Low,1,,Null,Null,$200.00,$-,Unknown,,,,,,
WAP_2025_08_00048,,Reach 3,3.4,R3,Concongella Creek WAP 2003,Unknown,Null,Monitor the condition of drop structures,Monitor,Low,1,,Null,Null,$200.00,$-,Unknown,,,,,,
WAP_2025_08_00049,,Reach 3,3.5,R3,Concongella Creek WAP 2003,Unknown,Null,Fence and revetate tributaries (excluding Wattle Creek),Fencing & Revegetation,Low,1,WCMA,Null,Null,"$42,000.00",$-,Planning,,,,,,
WAP_2025_08_00050,,Reach 4,4.1,R4,Concongella Creek WAP 2003,Unknown,Null,Install a sediment trap at the downstream end of the sediment 'slug' and remove sediment when it becomes full.,Stability,High,3,,Null,Null,"$15,000.00",$-,Unknown,,Review as part of Concongella WAP upgrade,,,,
WAP_2025_08_00051,,Reach 4,4.2,R4,Concongella Creek WAP 2003,Unknown,Null,"Fence Concongella creek and stabilise sediment throughout the reach, with the introduction of vegetation and control of stock access",Fencing & Revegetation,High,3,WCMA,Null,Null,"$24,000.00",$-,Planning,,,,,,
WAP_2025_08_00056,,Allanvale Creek,A.2,Unknown,Concongella Creek WAP 2003,Unknown,Null,Investigate stability of any drop structures and repair and maintain as appropriate,Stability,Medium,2,,Null,Null,$800.00,$-,Unknown,,,,,,
WAP_2025_08_00057,,Allanvale Creek,A.3,Unknown,Concongella Creek WAP 2003,Unknown,Null,Monitor the condition of drop structures,Stability,Medium,2,,Null,Null,$800.00,$-,Unknown,,,,,,
WAP_2025_08_00058,,Allanvale Creek,A.4,Unknown,Concongella Creek WAP 2003,Unknown,Null,Fence and revegetate downstream sections on Allanvale Creek,Fencing & Revegetation,Medium,2,WCMA,Null,Null,"$42,000.00",$-,Planning,,,,,,
WAP_2025_08_00059,,Jerrywell Creek,J.1,Unknown,Concongella Creek WAP 2003,Unknown,Null,Opportunistic fencing and revegetation,Fencing & Revegetation,Low,1,WCMA,Null,Null,"$12,000.00",$-,Planning,,,,,,
WAP_2025_08_00060,,Jerrywell Creek,J.2,Unknown,Concongella Creek WAP 2003,Unknown,Null,Monitor confluence of reach 4 of Concongella Creek for headward erosion,Stability,Low,1,,Null,Null,$100.00,$-,Unknown,,,,,,
WAP_2025_08_00061,,Kirkella Creek,K.1,Unknown,Concongella Creek WAP 2003,Unknown,Null,Fence and revegetate along Kirkella Creek between Doctors Creek and Kirkella Creek Road,Fencing & Revegetation,Medium,2,WCMA,Null,Null,"$11,250.00",$-,Planning,,,,,,
WAP_2025_08_00062,,Kirkella Creek,K.2,Unknown,Concongella Creek WAP 2003,Unknown,Null,Opportunistic fencing and revegetation,Fencing & Revegetation,Low,1,WCMA,Null,Null,"$18,000.00",$-,Planning,,,,,,
WAP_2025_08_00063,,Kirkella Creek,K.4,Unknown,Concongella Creek WAP 2003,Unknown,Null,Monitor the condition of drop structures,Stability,Medium,2,,Null,Null,$800.00,$-,Unknown,,,,,,
WAP_2025_08_00064,,Salt Creek,S.1,Unknown,Concongella Creek WAP 2003,Calvin West,53562230,Treat active scour on property of C West,Stability,Medium,2,WCMA,Null,Null,"$5,000.00",$-,Completed,,Done,,,,
WAP_2025_08_00065,,Salt Creek,S.2,Unknown,Concongella Creek WAP 2003,Unknown,Null,Fence and revegetate along Salt Creek,Fencing & Revegetation,Medium,2,WCMA,Null,Null,"$48,000.00",$-,Planning,,,,,,
WAP_2025_08_00066,,Salt Creek,S.3,Unknown,Concongella Creek WAP 2003,Unknown,Null,Investigate stability of any drop structures and repair and maintain as appropriate,Stability,Medium,2,,Null,Null,$500.00,$-,Unknown,,,,,,
WAP_2025_08_00067,,Salt Creek,S.4,Unknown,Concongella Creek WAP 2003,Unknown,Null,Monitor the condition of drop structures,Stability,Low,1,,Null,Null,$500.00,$-,Unknown,,,,,,
WAP_2025_08_00068,,Wattle Creek,W.1,Unknown,Concongella Creek WAP 2003,Unknown,Null,Fence and revegetate along Wattle Creek,Fencing & Revegetation,Medium,2,WCMA,Null,Null,"$18,000.00",$-,Planning,,,,,,
WAP_2025_08_00069,,Wattle Creek,W.2,Unknown,Concongella Creek WAP 2003,Unknown,Null,Investigate stability of any drop structures and repair and maintain as appropriate,Stability,Medium,2,,Null,Null,"$1,500.00",$-,Unknown,,,,,,
WAP_2025_08_00070,,Wattle Creek,W.3,Unknown,Concongella Creek WAP 2003,Unknown,Null,Monitor the condition of drop structures,Stability,Low,1,,Null,Null,"$1,500.00",$-,Unknown,,,,,,
WAP_2025_08_00074,,Reach 1,1.3,Unknown,Glendhu Creek WAP 2004,Unknown,Null,"Undertake a through vegetation survey during spring/summer, prior to the start of any works",Survey,Medium,2,,Null,Null,$500.00,$-,Planning,,,,,,
WAP_2025_08_00075,,Reach 1,1.4,Unknown,Glendhu Creek WAP 2004,Unknown,Null,"Control rabbits on the slopes, particulary in the tributaries",Rabbit Control,Medium,2,,Null,Null,Cost borne under other programs,$-,Unknown,,,,,,
WAP_2025_08_00076,,Reach 1,1.5,Unknown,Glendhu Creek WAP 2004,Unknown,Null,Increase soil recharge through steep hill planting,Revegetation,Medium,2,,Null,Null,Cost borne under other programs,$-,Unknown,,,,,,
WAP_2025_08_00077,,Reach 2,2.1,Unknown,Glendhu Creek WAP 2004,Unknown,Null,Undertake longitudinal and cross section survey of left bank tributary to determine location for grade control structures,Stability,High,3,,Null,Null,Refer action CW1 and CW2 Glendhu WAP,$-,Unknown,,,,,,
WAP_2025_08_00078,,Reach 2,2.10,Unknown,Glendhu Creek WAP 2004,Unknown,Null,Undertake a vegetation survey during spring/summer prior to the start of any works,Survey,Medium,2,,Null,Null,$500.00,$-,Planning,,,,,,
WAP_2025_08_00079,,Reach 2,2.11,Unknown,Glendhu Creek WAP 2004,Unknown,Null,Control rabbits before any fencing structural or revegetation works begin,Rabbit Control,Medium,2,,Null,Null,Cost borne under other programs,$-,Unknown,,,,,,
WAP_2025_08_00080,,Reach 2,2.12,Unknown,Glendhu Creek WAP 2004,Unknown,Null,Increase soil recharge through steep hill planting,Revegetation,Medium,2,,Null,Null,Cost borne under other programs,$-,Unknown,,,,,,
WAP_2025_08_00084,,Reach 2,2.5,Unknown,Glendhu Creek WAP 2004,Unknown,Null,Fence remenant vegetation to exclude stock to encourage natural regeneration and protect rare species,Fencing & Revegetation,Medium,2,WCMA,Null,Null,"$22,440.00",$-,Planning,,,,,,
WAP_2025_08_00087,,Reach 2,2.9,Unknown,Glendhu Creek WAP 2004,Unknown,Null,Weed control including targeted attack on Horehound and spot spraying of Spiny Rush,Weed Control,Medium,2,,Null,Null,Cost borne under other programs,$-,Unknown,,,,,,
WAP_2025_08_00089,,Reach 3,3.2,Unknown,Glendhu Creek WAP 2004,Unknown,Null,"Undertake a vegetation survey during spring/summer to identify and map remnant native vegetation, including rare/endagered plant species",Survey,Medium,2,,Null,Null,$500.00,$-,Planning,,,,,,
WAP_2025_08_00095,,Reach 3,3.8,Unknown,Glendhu Creek WAP 2004,Unknown,Null,Control rabbits before any fencing structural or revegetation works begin,Rabbit Control,High,3,,Null,Null,Cost borne under other programs,$-,Unknown,,,,,,
WAP_2025_08_00101,,Reach 4,4.6,Unknown,Glendhu Creek WAP 2004,Unknown,Null,Control rabbits before any fencing structural or revegetation works begin,Rabbit Control,High,3,,Null,Null,Cost borne under other programs,$-,Unknown,,,,,,
WAP_2025_08_00112,,Reach 5,5.18,Unknown,Glendhu Creek WAP 2004,Unknown,Null,Undertake Longitudinal and cross section survey of main channel,Survey,High,3,,Null,Null,Survey included as part of entire Glendhu Creek survey,$-,Unknown,,,,,,
WAP_2025_08_00115,,Reach 5,5.20,Unknown,Glendhu Creek WAP 2004,Unknown,Null,Fence & revegetate,Fencing & Revegetation,High,3,WCMA,Null,Null,"$47,700.00",$-,Unknown,,,,,,
WAP_2025_08_00116,,Reach 5,5.2,Unknown,Glendhu Creek WAP 2004,Unknown,Null,Undertake vegetation survey in spring/summer,Survey,Medium,2,,Null,Null,$-,$-,Planning,,,,,,
WAP_2025_08_00117,,Reach 5,5.3,Unknown,Glendhu Creek WAP 2004,Unknown,Null,Increase soil recharge through steep hill planting,Revegetation,Medium,2,,Null,Null,Cost borne under other programs,$-,Unknown,,,,,,
WAP_2025_08_00118,,Reach 5,5.4,Unknown,Glendhu Creek WAP 2004,Unknown,Null,Control rabbits before any fencing structural or revegetation works begin,Rabbit Control,High,3,,Null,Null,Cost borne under other programs,$-,Unknown,,,,,,
WAP_2025_08_00119,,Reach 5,5.5,Unknown,Glendhu Creek WAP 2004,Unknown,Null,"Undertake weed control including targeted attack on Phalaris, Scotch Thistle, Spiny Rush and Briar Rose",Weed Control,Medium,2,,Null,Null,Cost borne under other programs,$-,Unknown,,,,,,
WAP_2025_08_00126,,Reach 6,6.2,Unknown,Glendhu Creek WAP 2004,K. Boatman,Null,Fix minor headcut,Stability,Low,1,,648531,Null,$300.00,$-,Planning,,Liaise with landholder and arrange for fencing and revegetation through partnership program (HWIS),,,,
WAP_2025_08_00129,,Reach 7,7.2,Unknown,Glendhu Creek WAP 2004,Unknown,Null,Control weeds,Weed Control,Medium,,,Null,Null,Cost borne under other programs,$-,Unknown,,,,,,
WAP_2025_08_00130,,Reach 7,7.3,Unknown,Glendhu Creek WAP 2004,Unknown,Null,Monitor reach for new bed and bank erosion,Monitor,Medium,,,Null,Null,$-,$-,Unknown,,,,,,
WAP_2025_08_00131,,Reach 7,7.4,Unknown,Glendhu Creek WAP 2004,Unknown,Null,Control rabbits before any fencing structural or revegetation works begin,Rabbit Control,Medium,,,Null,Null,Cost borne under other programs,$-,Unknown,,,,,,
WAP_2025_08_00132,,Reach 5,5.1? or 5.10,Unknown,Glendhu Creek WAP 2004,Unknown,Null,,Unknown,Null,Null,WCMA,Null,Null,$-,,Completed,,,,,,
WAP_2025_08_00133,,Catchment Wide,CW1,Unknown,Glendhu Creek WAP 2004,Unknown,Null,Longitudinal and cross section survey from the Wimmera river confluence to the upper catchment,Stability,High,3,,Null,Null,"$14,000.00",$-,Unknown,,,,,,
WAP_2025_08_00134,,Catchment Wide,CW2,Unknown,Glendhu Creek WAP 2004,Unknown,Null,Sediment transport and streampower modelling,Modelling,High,3,,Null,Null,"$7,000.00",$-,Planning,,,,,,
WAP_2025_08_00163,,Reach G1,G1,G1,Glenpatrick/Nowhere Creek WAP 2006,Unknown,Null,Provide flood warning signs at all road crossings.,Flood Signage,High,3,Refered to Council,Entire Reach,Entire Reach,"$12,000.00",$-,Refer to Other Agency,,Roads flood in major rain events. Refer to Council,,,,
WAP_2025_08_00165,,Reach G1,G1,G1,Glenpatrick/Nowhere Creek WAP 2006,Unknown,Null,Continue the current Platypus monitoring and biological data collection program for a minimum of another 3 years.,Platypus Study,Very High,4,,Entire Reach,Entire Reach,"$69,000.00",$-,Unknown,,A lack of Platypus population and biological data throuout the entire reach.,,,,
WAP_2025_08_00184,,Reach G2,G2,G2,Glenpatrick/Nowhere Creek WAP 2006,Unknown,Null,Continue the current Platypus monitoring and biological data collection program for a minimum of another 3 years.,Platypus Study,Very High,4,,Entire Reach,Entire Reach,"$87,000.00",$-,Unknown,,A lack of Platypus population and biological data throuout the entire reach.,,,,
WAP_2025_08_00191,,Reach N2,N2,N2,Glenpatrick/Nowhere Creek WAP 2006,Unknown,Null,Establish a series of geomorphic monitoring sites (approx 2) in upper reach of Nowhere Creek and Spring Creek.,Monitor,High,3,,Upper reach,Upper reach,"$10,000.00",$-,Unknown,,Waterway is in a meta-stable state and a new wave of erosion and instability may initiate in a major event.,,,,
WAP_2025_08_00204,,Reach 1,E 1/1,R1,Mt Cole Creek WAP 2005,Unknown,Null,Protect the stream morphology through construction of stock watering access facilities and fence out section,Fencing & Revegetation,High,3,WCMA,Reach,Reach,"$50,000.00",$-,Unknown,,Deep old course pools with good structure require protection from uncontrolled stock access,,,,
WAP_2025_08_00214,,Reach 4,F1/4,R4 and R4/6,Mt Cole Creek WAP 2005,Unknown,Null,Negotiate flood warning signage for road crossing with Council,Flood Signage,Low,1,Refered to Council,reach,reach,"$12,000.00",$-,Unknown,,Road safety danger through broad flooding of Woodlands Road in large events,,,,
WAP_2025_08_00215,,Reach 1,S1/1,R1,Mt Cole Creek WAP 2005,Unknown,Null,Monitor bank erosion after episodic events to judge rate of change above natural,Monitor,Low,1,,Reach,Reach,"$5,000.00",$-,Unknown,,Insidious bank erosion due to high density of emergent macrophytes,,,,
WAP_2025_08_00216,,Reach 2,S1/2,R2,Mt Cole Creek WAP 2005,Unknown,Null,Monitor bank erosion after episodic events to judge rate of change above natural,Monitor,Low,1,,reach,reach,"$5,000.00",$-,Unknown,,Insidious bank erosion due to high density of emergent macrophytes,,,,
WAP_2025_08_00217,,Reach 3,S1/3,Unknown,Mt Cole Creek WAP 2005,Unknown,Null,Monitor minor foothill tributaries for movement of minor bank and bed erosion after episodic events,Monitor,Low,1,,Reach,Reach,$-,$-,Unknown,,Minor instabilities in foothill tributary channels,,,,
WAP_2025_08_00225,,Multiple,S2/2,Multiple,Mt Cole Creek WAP 2005,Unknown,Null,Monitor bank erosion after episodic events to judge rate of change above natural,Monitor,Low,1,,Reach,Reach,$-,$-,Unknown,,many minor areas of bank erosion in small stream lines where Spiny Rush is holding beds together,,,,
WAP_2025_08_00229,,Multiple,S3/2,Unknown,Mt Cole Creek WAP 2005,Unknown,Null,Provide stabilised areas for stock watering and then fence and revegetation areas in cooperative program with land owners and DPI,Fencing & Revegetation,High,3,WCMA,Reach,Reach,"$60,000.00",$-,Unknown,,Stock access to minor tributaries adding to instability - poor soils,,,,
WAP_2025_08_00234,,Reach 1,S5/1,Unknown,Mt Cole Creek WAP 2005,Unknown,Null,Provide stabilised areas for stock watering and then fence and revegetation areas in cooperative program with land owners and DPI,Fencing & Revegetation,High,3,WCMA,Reach,Reach,"$100,000.00",$-,Unknown,,Stock access to minor tributaries adding to instability - poor soils,,,,
WAP_2025_08_00237,,Reach 1,S6/1,Unknown,Mt Cole Creek WAP 2005,Unknown,Null,Monitor bank erosion after episodic events to judge rate of change above natural,Monitor,Low,1,,Reach,Reach,$-,$-,Unknown,,many minor areas of bank erosion in small stream lines where Spiny Rush is holding beds together,,,,
WAP_2025_08_00245,,Reach 1,V2/1,Unknown,Mt Cole Creek WAP 2005,Unknown,Null,Investigate techniques to lower the saturation levels in the riparian areas,Fencing & Revegetation,Urgent,5,WCMA,Reach,Reach,"$12,000.00",$-,Unknown,,Sediment saturation levels and salt affecting the riparian community,,,,
WAP_2025_08_00246,,Reach 2,V2/2,R2/2/1,Mt Cole Creek WAP 2005,Unknown,Null,"Provide for controlled stock access, fence and assist with revegetation of corridor",Fencing & Revegetation,High,3,WCMA,Reach,Reach,"$20,000.00",$-,Unknown,,"Discontinuous, remnant riparian forest and bank vegetation along mainstem under threat from uncontrolled grazing and large gaps breaking wildlife and riparian corridor",,,,
WAP_2025_08_00247,,Reach 4,V2/4,"R4, R4/1",Mt Cole Creek WAP 2005,Unknown,Null,Support fencing and revegetation of stream corridor with grants,Fencing & Revegetation,High,3,WCMA,Reach,Reach,"$100,000.00",$-,Unknown,,Minor tributaries lack vegetation cover along streams - some revegetation by land owners,,,,
WAP_2025_08_00248,,Reach 2,V3/2,R2,Mt Cole Creek WAP 2005,Unknown,Null,"Provide for controlled stock access, fence and assist with reestablishment of revegetation of key stream corridors",Fencing & Revegetation,Medium,2,WCMA,Reach,Reach,"$25,000.00",$-,Unknown,,"Thin , discontinuous, remnant riparian forest and bank vegetation along mainstem under threat from uncontrolled grazing and large gaps breaking wildlife and riparian corridor",,,,
WAP_2025_08_00248,,Reach 3,V2/4,R3/1/1,Mt Cole Creek WAP 2005,Unknown,Null,Support fencing and revegetation of stream corridor with grants,Fencing & Revegetation,High,3,WCMA,Reach,Reach,"$100,000.00",$-,Unknown,,Minor tributaries lack vegetation cover along streams - some revegetation by land owners,,,,
WAP_2025_08_00248,,Reach 5,V2/5,R5,Mt Cole Creek WAP 2005,Unknown,Null,support land care groups in control  program of key weed species,Weed Control,Medium,2,WCMA,reach,reach,"$25,000.00",$-,Unknown,,Infestations of Gorse and blackberry noted,,,,
WAP_2025_08_00248,,Reach 3,V3/3,"R3, R3/1, R3/2, R3/4",Mt Cole Creek WAP 2005,Unknown,Null,Trial replacement with other less weedy species,Revegetation,High,3,WCMA,Reach,Reach,"$15,000.00",$-,Unknown,,Major infestation of Spiny Rush along streams - aiding in bed stability but is a weed,,,,
WAP_2025_08_00248,,All Reaches,V3/3,All Reaches,Mt Cole Creek WAP 2005,Unknown,Null,Trial replacement with other less weedy species,Revegetation,High,3,WCMA,Reach,Reach,"$15,000.00",$-,Unknown,,Major infestation of Spiny Rush along streams - aiding in bed stability but is also a weed,,,,
WAP_2025_08_00249,,Reach 4,V3/4,Unknown,Mt Cole Creek WAP 2005,Unknown,Null,Trial replacement with other less weedy species,Revegetation,High,3,WCMA,Reach,Reach,"$15,000.00",$-,Unknown,,Major infestation of Spiny Rush along streams - aiding in bed stability but is also a weed,,,,
WAP_2025_08_00250,,Reach 4,V3/4,Unknown,Mt Cole Creek WAP 2005,Unknown,Null,Support fencing and revegetation of stream corridor with grants,Fencing & Revegetation,High,3,WCMA,Reach,Reach,"$100,000.00",$-,Unknown,,Minor tributaries lack vegetation cover along streams - some revegetation by land owners,,,,
WAP_2025_08_00251,,Tom The Tailor Creek,Unknown,Unknown,Wimmera WAP,Unknown,Null,Improve grazing management through landholder consultation,Consultation,Low,,,Null,Null,$-,$-,Planning,,,,,,
WAP_2025_08_00251,,Reach 4,V3/4,Unknown,Mt Cole Creek WAP 2005,Unknown,Null,Trial replacement with other less weedy species,Revegetation,High,3,WCMA,Reach,Reach,"$15,000.00",$-,Unknown,,Major infestation of Spiny Rush along streams - aiding in bed stability but is also a weed,,,,
WAP_2025_08_00252,,Reach 5,V3/5,All Tributaries,Mt Cole Creek WAP 2005,Unknown,Null,Support fencing and revegetation of stream corridor with grants,Fencing & Revegetation,High,3,WCMA,various,various,"$50,000.00",$-,Unknown,,Minor tributaries lack vegetation cover along streams - some revegetation by land owners,,,,
WAP_2025_08_00253,,Reach 5,V3/5,All Tributaries,Mt Cole Creek WAP 2005,Unknown,Null,Start revegetation with known salt tolerant stock,Fencing & Revegetation,Low,1,WCMA,Reach,Reach,"$10,000.00",$-,Unknown,,Many RRG's salt stressed,,,,
WAP_2025_08_00254,,Unknown,Tom The Tailor Creek,Unknown,Wimmera WAP,Unknown,Null,Fence and revegetate right and left banks (approx 5300m),Fencing & Revegetation,Low,,WCMA,Null,Null,$-,$-,Planning,,,,,,
WAP_2025_08_00255,,All Reaches,V4/2,All Reaches,Mt Cole Creek WAP 2005,Unknown,Null,"Provide for controlled stock access, fence and assist with revegetation of corridor",Fencing & Revegetation,Very High,4,WCMA,Reach,Reach,"$106,250.00",$-,Unknown,,"Thin , discontinuous, remnant riparian forest and bank vegetation along mainstem under threat from uncontrolled grazing and large gaps breaking wildlife and riparian corridor",,,,
WAP_2025_08_00256,,Reach 1,W 1/1,R1,Mt Cole Creek WAP 2005,Unknown,Null,Support Salinity Management Plan actions throughout catchment,Water Quality,Medium,2,,Reach,Reach,$-,$-,Unknown,,Salinity of pools elevated,,,,
WAP_2025_08_00257,,Reach 2,W 1/2,R2,Mt Cole Creek WAP 2005,Unknown,Null,Support Salinity Management Plan actions throughout catchment,Water Quality,Medium,2,,Reach,Reach,$-,$-,Unknown,,Salinity of pools elevated,,,,
WAP_2025_08_00258,,Reach 3,W 1/3,R3/2/1,Mt Cole Creek WAP 2005,Unknown,Null,Investigate opportunities to improve the water quality treatment performance of swamp,Water Quality,Medium,2,,Reach,Reach,$-,$-,Unknown,,high suspended solids and turbidity being treated in old swamp and could be improved,,,,
WAP_2025_08_00259,,Reach 1,W 1/4,R1,Mt Cole Creek WAP 2005,Unknown,Null,Support Salinity Management Plan actions throughout catchment - particularly revegetation of infiltration zones on upper slopes,Revegetation,Urgent,5,,Reach,Reach,$-,$-,Unknown,,Salinity of stream elevated,,,,
WAP_2025_08_00260,,Reach 5,W 1/5,All Tributaries,Mt Cole Creek WAP 2005,Unknown,Null,Support Salinity Management Plan actions throughout catchment - particularly revegetation of infiltration zones on upper slopes,Revegetation,Urgent,5,,Various,Various,$-,$-,Unknown,,Salinity of stream elevated,,,,
WAP_2025_08_00261,,Reach 5,W 2/5,Unknown,Mt Cole Creek WAP 2005,Unknown,Null,Investigate opportunities to improve sediment and water quality treatment performance through the establishment of formal sediment traps on the tributaries upstream of the mainstem,Water Quality,Urgent,5,,Reach,Reach,"$12,000.00",$-,Unknown,,"High salinity, suspended solids and turbidity in lateral tributaries having direct impact on the mainstem Mt Cole Creek",,,,
WAP_2025_08_00261,,Reach 1,W2/1,Unknown,Mt Cole Creek WAP 2005,Unknown,Null,Negotiate waterway protection with land owner i.e. fence and revegetate corridor,Water Quality,High,3,Landowner,Reach,Reach,"$10,000.00",$-,Unknown,,"Eroding channels in high slaking soils producing salt, sediment and turbidity",,,,
WAP_2025_08_00263,,Unknown,Unknown,Unknown,Wimmera WAP,Unknown,Null,Fence left and right banks as required,Fencing,Low,,WCMA,Null,Null,$-,$-,Planning,,Between the boundary fence 500m NE of Joel Joel hall and levee bank on eastern branch of the Wimmera River,,,,
WAP_2025_08_00263,,Reach 4,W2/4,"R4/1/1, R4/2",Mt Cole Creek WAP 2005,Unknown,Null,Investigate opportunities to improve water quality treatment performance of swamps east of Woodlands Road,Fencing & Revegetation,High,3,WCMA,Reach,Reach,"$25,000.00",$-,Unknown,,High suspended solids and turbidity in tributaries being attenuated by old swamp and could be improved,,,,
WAP_2025_08_00264,,Reach 1,W3/1,R1,Mt Cole Creek WAP 2005,Unknown,Null,Investigate opportunities to enhance swamp characteristics to improve water quality treatment through sed pond and stored event management,Water Quality,Medium,2,,Reach,Reach,"$17,500.00",$-,Unknown,,Large phragmites swamp performing a major water quality improvement function,,,,
WAP_2025_08_00266,,Reach 1,W4/1,R1/2/2,Mt Cole Creek WAP 2005,Unknown,Null,Monitor run off from area,Monitor,Low,1,,Reach,Reach,$-,$-,Unknown,,Intensive blue gum plantation may impact on yields,,,,
WAP_2025_08_00267,,Reach 1,1.1,Unknown,Seven Mile Creek WAP 2003,Unknown,Null,Determine the condition of the drop structure on the Bulgana Rd and repair/maintain as appropriate,Stability,Medium,2,,Null,Null,$-,$-,Unknown,,,,,,
WAP_2025_08_00268,,Reach 1,1.2,Unknown,Seven Mile Creek WAP 2003,Unknown,Null,Monitor the condition of the drop structure of Bulgana Road,Monitor,Low,1,,Null,Null,$-,$-,Unknown,,,,,,
WAP_2025_08_00269,,Reach 1,1.3,Unknown,Seven Mile Creek WAP 2003,Unknown,Null,Fencing and revegetate along creek to link up with roadside vegetation and to link with fencing and revegetation activities in Reach 2,Fencing & Revegetation,Low,1,WCMA,Null,Null,"$18,000.00",$-,Planning,,,,,,
WAP_2025_08_00270,,Reach 2,2.1,Unknown,Seven Mile Creek WAP 2003,Unknown,Null,Investigate stability of any drop structures and repair and maintain as appropriate,Stability,High,3,,Null,Null,"$9,600.00",$-,Unknown,,,,,,
WAP_2025_08_00271,,Reach 2,2.3,Unknown,Seven Mile Creek WAP 2003,Unknown,Null,Fence and revegetate in upper and mid section to control erosion and sediment movement,Fencing & Revegetation,Medium,2,WCMA,Null,Null,"$54,000.00",$-,Planning,,,,,,
WAP_2025_08_00272,,Reach 2,2.3,Unknown,Seven Mile Creek WAP 2003,Unknown,Null,Improve riparian vegetation in lower section to extend the high value of reach 3 and to act as a buffer to the high value of reach 3,Fencing & Revegetation,Medium,2,WCMA,Null,Null,$-,$-,Planning,,,,,,
WAP_2025_08_00273,,Reach 2,2.3,Unknown,Seven Mile Creek WAP 2003,Unknown,Null,Control saline groundwater discharge into Seven Mile Creek,Fencing & Revegetation,High,,WCMA,Null,Null,$-,$-,Planning,,,,,,
WAP_2025_08_00274,,Reach 2,2.4,Unknown,Seven Mile Creek WAP 2003,Unknown,Null,Treat active erosion heads in the upper section of the reach,Stability,High,3,WCMA,Null,Null,"$100,000.00",$-,Completed,,"Clark Site 1,2 & 3",,,,
WAP_2025_08_00275,,Reach 2,2.5,Unknown,Seven Mile Creek WAP 2003,Unknown,Null,Restrict stock access to lower reach,Fencing,Medium,2,WCMA,Null,Null,$-,$-,Planning,,,,,,
WAP_2025_08_00277,,Reach 3,3.1,Unknown,Seven Mile Creek WAP 2003,Unknown,Null,Investigate stability of any drop structures and repair and maintain as appropriate,Stability,High,3,,Null,Null,"$9,000.00",$-,Unknown,,,,,,
WAP_2025_08_00278,,Reach 3,3.2,Unknown,Seven Mile Creek WAP 2003,Unknown,Null,Monitor structures in the upper reaches of the Concongella hill tributary,Monitor,Low,1,,Null,Null,$600.00,$-,Unknown,,,,,,
WAP_2025_08_00279,,Reach 3,3.3,Unknown,Seven Mile Creek WAP 2003,Unknown,Null,Vegetate to control sediment movement in tributary and manage stock access,Fencing & Revegetation,High,3,WCMA,Null,Null,"$7,000.00",$-,Planning,,,,,,
WAP_2025_08_00280,,Reach 3,3.4,Unknown,Seven Mile Creek WAP 2003,Unknown,Null,Treat active erosion heads in tributary,Stability,High,3,,Null,Null,"$10,000.00",$-,Unknown,,Review as part of WAP update,,,,
WAP_2025_08_00281,,Reach 3,3.5,Unknown,Seven Mile Creek WAP 2003,Unknown,Null,Control saline groundwater discharge into tributary through revegetation and the establishment of deeper rooted pastures in groundwater recharge zones,Fencing & Revegetation,Medium,2,WCMA,Null,Null,$-,$-,Planning,,,,,,
WAP_2025_08_00282,,Reach 3,3.6,Unknown,Seven Mile Creek WAP 2003,Unknown,Null,Implement sediment management at confluence of tributary and Seven Mile Creek,Stability,High,3,,Null,Null,"$10,000.00",$-,Unknown,,,,,,
WAP_2025_08_00283,,Reach 4,4.1,Unknown,Seven Mile Creek WAP 2003,Unknown,Null,"Improve water quality, stream form and riparian ecology through fencing and revegetation",Fencing & Revegetation,Medium,2,WCMA,Null,Null,"$14,400.00",$-,Planning,,,,,,
WAP_2025_08_00284,,Reach 4,4.2,Unknown,Seven Mile Creek WAP 2003,Unknown,Null,"Protect Potters Road from the migrating box channel, through rock breaching",Stability,High,3,,Null,Null,"$5,000.00",$-,Completed,,Pile Fields,,,,
WAP_2025_08_00285,,Reach 5,5.1,Unknown,Seven Mile Creek WAP 2003,Unknown,Null,Determine the condition of the drop structure on Martins Road and repair/maintain as appropriate,Stability,Medium,2,,Null,Null,"$2,000.00",$-,Unknown,,,,,,
WAP_2025_08_00286,,Reach 5,5.2,Unknown,Seven Mile Creek WAP 2003,Unknown,Null,Monitor the condtion of the drop structure on Martins Road,Monitor,Low,1,,Null,Null,$100.00,$-,Unknown,,,,,,
WAP_2025_08_00287,,Reach 5,5.3,Unknown,Seven Mile Creek WAP 2003,Unknown,Null,"Fencing and revegetate along creek to improve water quality, stream form and riparian ecology",Fencing & Revegetation,Medium,2,WCMA,Null,Null,"$30,000.00",$-,Planning,,,,,,
WAP_2025_08_00288,,Reach 6,6.1,Unknown,Seven Mile Creek WAP 2003,Unknown,Null,Determine the condition of the drop structures and repair/maintain as appropriate,Stability,Medium,2,,Null,Null,"$10,000.00",$-,Unknown,,,,,,
WAP_2025_08_00289,,Reach 6,6.2,Unknown,Seven Mile Creek WAP 2003,Unknown,Null,Monitor the condition of drop structures,Monitor,Medium,2,,Null,Null,$800.00,$-,Unknown,,,,,,
WAP_2025_08_00290,,Reach 6,6.3,Unknown,Seven Mile Creek WAP 2003,Unknown,Null,"Fencing and revegetation along creek to improve water quality, stream form and riparian ecology",Fencing & Revegetation,Low,1,WCMA,Null,Null,"$18,000.00",$-,Planning,,,,,,
WAP_2025_08_00302,,Reach 1,1.6,Unknown,Shays Creek WAP 2004,Unknown,Null,Fence & revegetate,Fencing & Revegetation,Medium,2,WCMA,Null,Null,"$48,600.00",$-,Unknown,,,,,,
WAP_2025_08_00303,,Reach 1,1.6,Unknown,Shays Creek WAP 2004,Unknown,Null,"Fence and revegetate the channel to control stock access, improve soil stability, habitat and water quality values",Fencing & Revegetation,Medium,2,WCMA,Null,Null,"$30,000.00",$-,Planning,,,,,,
WAP_2025_08_00304,,Reach 1,1.7,Unknown,Shays Creek WAP 2004,Unknown,Null,"Undertake a thorough vegetation survey during spring/summer to identify and map remnant native vegetation patches, including rare/endagered plant species",Survey,Medium,2,WCMA,Null,Null,$500.00,$-,Planning,,,,,,
WAP_2025_08_00305,,Reach 1,1.8,Unknown,Shays Creek WAP 2004,Unknown,Null,Control rabbits on the slopes particularly in the tributaries,Rabbit Control,Medium,2,,Null,Null,Cost borne under other programs,Cost borne under other programs,Unknown,,,,,,
WAP_2025_08_00306,,Reach 1,1.9,Unknown,Shays Creek WAP 2004,Unknown,Null,Increase soil recharge through steep hill planting,Revegetation,Medium,2,,Null,Null,Cost borne under other programs,Cost borne under other programs,Unknown,,,,,,
WAP_2025_08_00309,,Reach 2,2.2,Unknown,Shays Creek WAP 2004,Unknown,Null,"Investigate the risk posed by saline groundwater in this reach, Reach 3 and 4",Investigate,Medium,2,,Null,Null,"$2,000.00",,Planning,,,,,,
WAP_2025_08_00314,,Reach 2,2.5,Unknown,Shays Creek WAP 2004,Unknown,Null,Treat occurrence of serrated tussock,Weed Control,Medium,2,,Null,Null,Cost to be borne by other programs,Cost to be borne by other programs,Unknown,,,,,,
WAP_2025_08_00316,,Reach 2,2.7,Unknown,Shays Creek WAP 2004,Unknown,Null,Control rabbits before any fencing structural or revegetation works begin,Rabbit Control,Medium,2,,Null,Null,$-,$-,Planning,,,,,,
WAP_2025_08_00317,,Reach 2,2.8,Unknown,Shays Creek WAP 2004,Unknown,Null,Increase soil recharge through steep hill planting,Revegetation,Medium,2,,Null,Null,$-,$-,Planning,,,,,,
WAP_2025_08_00318,,Reach 2,2.9,Unknown,Shays Creek WAP 2004,Unknown,Null,Fence & revegetate,Fencing & Revegetation,Medium,2,WCMA,Null,Null,"$19,200.00",$-,Planning,,,,,,
WAP_2025_08_00319,,Reach 2,2.9,Unknown,Shays Creek WAP 2004,Unknown,Null,Fence & revegetate,Fencing & Revegetation,Medium,2,WCMA,Null,Null,"$36,000.00",$-,Planning,,,,,,
WAP_2025_08_00320,,Reach 3,3.1,Unknown,Shays Creek WAP 2004,Unknown,Null,"Fence to control stock access. Revegetate to improve soil stability, habitat, and water quality values",Fencing & Revegetation,Medium,2,WCMA,Null,Null,"$30,000.00",$-,Planning,,,,,,
WAP_2025_08_00324,,Reach 3,3.2,Unknown,Shays Creek WAP 2004,Unknown,Null,Investigate risk posed by saline groundwater inflow,Investigate,Medium,2,,Null,Null,$-,$-,Planning,,,,,,
WAP_2025_08_00333,,Reach 3,3.9,Unknown,Shays Creek WAP 2004,Unknown,Null,Control rabbits before any fencing structural or revegetation works begin,Rabbit Control,Medium,2,,Null,Null,Cost borne under other programs,Cost borne under other programs,Unknown,,,,,,
WAP_2025_08_00334,,Reach 4,4,Unknown,Shays Creek WAP 2004,Unknown,Null,Refer to Wimmera River Reach 6.2 WAP for further details,Unknown,Medium,2,,Null,Null,$-,,Unknown,,,,,,
WAP_2025_08_00338,,Reach 4,4.4,Unknown,Shays Creek WAP 2004,Unknown,Null,Control rabbits before any fencing structural or revegetation works begin,Rabbit Control,Medium,2,,Null,Null,Cost borne under other programs,Cost borne under other programs,Unknown,,,,,,
WAP_2025_08_00339,,Reach 4,4.5,Unknown,Shays Creek WAP 2004,Unknown,Null,Increase soil recharge through steep hill planting,Revegetation,Medium,2,,Null,Null,Cost borne under other programs,Cost borne under other programs,Unknown,,,,,,
WAP_2025_08_00341,,Reach 5,5.2,Unknown,Shays Creek WAP 2004,Unknown,Null,Conduct education program on value of understorey vegetation,Education Program,Medium,2,,Null,Null,"$5,000.00",$-,Planning,,,,,,
WAP_2025_08_00346,,Reach 5,5.4,Unknown,Shays Creek WAP 2004,Unknown,Null,Treat active erosion heads,Stability,Low,1,,Null,Null,"$10,000.00",$-,Unknown,,,,,,
WAP_2025_08_00347,,Reach 6,6.1,Unknown,Shays Creek WAP 2004,Unknown,Null,Control spiny broom downstream to and along Wimmera river,Weed Control,Medium,2,,Null,Null,Cost borne under other programs,$-,Unknown,,,,,,
WAP_2025_08_00352,,Reach 6,6.5,Unknown,Shays Creek WAP 2004,Unknown,Null,Weed control including targeted attack on Spiny Rush and Flax Leaf Broom (Genista linifolia),Weed Control,Medium,2,,Null,Null,Cost borne by other programs,Cost borne by other programs,Unknown,,,,,,
WAP_2025_08_00353,,Reach 7,7.1,Unknown,Shays Creek WAP 2004,Unknown,Null,"Fence to control stock access. Revegetate to improve soil stability, habitat, and water quality values",Fencing & Revegetation,Low,1,WCMA,Null,Null,"$36,000.00",$-,Planning,,,,,,
WAP_2025_08_00370,,Reach 9,9.5,Unknown,Shays Creek WAP 2004,Unknown,Null,Weed control including targeted attack of Spiny Rush Spiny Broom (calicotome spinosa) Flax Leaf Broom (genista linfolia),Weed Control,High,3,,Null,Null,Cost borne under other programs,$-,Unknown,,,,,,
WAP_2025_08_00371,,Reach 9,9.6,Unknown,Shays Creek WAP 2004,Unknown,Null,Trial phased eredication and replacement of Spiny Rush with indigenous semi aquatic species such as Common Reed (Phragmites australis) or native Juncus species,Revegetation,High,3,,Null,Null,"$10,000.00",$-,Planning,,,,,,
WAP_2025_08_00372,,Catchment Wide,CW1,Catchment Wide,Shays Creek WAP 2004,Unknown,Null,Longitudinal and cross section survey from the Wimmera river confluence to the upper catchment,Stability,High,3,,Null,Null,"$14,000.00",$-,Unknown,,,,,,
WAP_2025_08_00373,,Catchment Wide,CW2,Catchment Wide,Shays Creek WAP 2004,Unknown,Null,Sediment transport and streampower modelling,Modelling,High,3,,Null,Null,"$7,000.00",$-,Planning,,,,,,
WAP_2025_08_00375,,Reach 4,4.1,Unknown,Six Mile Creek WAP 2003,Unknown,Null,"Construct rock chute to stabilize stream bed grade, batter, fence and revegetate banks. Provide off-stream watering points for stock",Stability,High,3,WCMA,Null,Null,$-,$-,Planning,,55m upstream of the Six Mile Ck bridge on the Landsborough road,,,,
WAP_2025_08_00376,,Reach 4,4.2,Unknown,Six Mile Creek WAP 2003,Unknown,Null,Batter gully head to create grass chute. Batter and fence left and right banks of gully,Stability,Medium,2,WCMA,Null,Null,$-,$-,Planning,,Gully starting 55m upstream of the Six Mile Ck bridge on the Landsborough Rd,,,,
WAP_2025_08_00377,,Reach 4,4.3,Unknown,Six Mile Creek WAP 2003,Unknown,Null,Fence left and right banks of Six Mile Ck. Provide off stream watering for stock as necessary,Fencing,Medium,2,WCMA,Null,Null,$-,$-,Planning,,1220m upstream of the Six Mile Ck bridge on the landsborough Rd to the Joel Forest-Vances Crossing Rd,,,,
WAP_2025_08_00378,,Reach 4,4.4,Unknown,Six Mile Creek WAP 2003,Unknown,Null,Fence left and right banks of Six Mile Ck. Provide off stream watering for stock as necessary,Fencing,Medium,2,WCMA,Null,Null,$-,$-,Planning,,From confluence of Six Mile Ck and the Wimmera River to the Landsborough Rd,,,,
WAP_2025_08_00379,,Reach 4,4.5,Unknown,Six Mile Creek WAP 2003,Unknown,Null,Monitor small but inactive headcut on this stable reach,Monitor,Low,1,WCMA,Null,Null,$-,$-,Planning,,"Joel Forest-Vances Crossing Rd, third crossing of Six Mile Ck from causeway on Wimmera River",,,,
WAP_2025_08_00413,,Reach S2,S2,Unknown,Spring/Tucker Creek WAP 2006,Unknown,Null,Assess integrity of pile field and provide appropriate stabilisation if necessary.,Stability,Very High,4,,TBA,TBA,"$4,500.00",$-,Defered,,Pile field is being undermined and requires structural assessment. Let pile fields go - investigate the use of sodium metasilicate,,,,
WAP_2025_08_00414,,Reach S2,S2,Unknown,Spring/Tucker Creek WAP 2006,Unknown,Null,Assess integrity of pile field and provide appropriate stabilisation if necessary.,Stability,Very High,4,,TBA,TBA,"$4,500.00",$-,Defered,,Pile field is being undermined and requires structural assessment. Let pile fields go - investigate the use of sodium metasilicate,,,,
WAP_2025_08_00415,,Reach S2,S2,Unknown,Spring/Tucker Creek WAP 2006,Unknown,Null,Assess integrity of pile field and provide appropriate stabilisation if necessary.,Stability,Very High,4,,TBA,TBA,"$4,500.00",$-,Defered,,Pile field is being undermined and requires structural assessment. Let pile fields go - investigate the use of sodium metasilicate,,,,
WAP_2025_08_00416,,Reach S2,S2,Unknown,Spring/Tucker Creek WAP 2006,Unknown,Null,Assess integrity of pile field and provide appropriate stabilisation if necessary.,Stability,Very High,4,,TBA,TBA,"$4,500.00",$-,Defered,,Pile field is being undermined and requires structural assessment. Let pile fields go - investigate the use of sodium metasilicate,,,,
WAP_2025_08_00445,,Reach S2,S2/2,Unknown,Spring/Tucker Creek WAP 2006,Unknown,Null,Assess integrity of pile field and provide appropriate stabilisation if necessary.,Stability,Very High,4,,TBA,TBA,"$4,500.00",$-,Defered,,Pile field is being undermined and requires structural assessment. Let pile fields go - investigate the use of sodium metasilicate,,,,
WAP_2025_08_00458,,Reach T2,T2,Unknown,Spring/Tucker Creek WAP 2006,Unknown,Null,Exclude stock access by fencing unprotected areas. Revegetate using robust and hardy native sedges and rushes.,Fencing & Revegetation,High,3,WCMA,lower reach,lower reach,"$138,000.00",$-,Unknown,,Lack of vegetation and bank erosion is exacerbated through this segment of T2 due to uncontrolled stock access.,,,,
WAP_2025_08_00461,,Reach T2,T2,Unknown,Spring/Tucker Creek WAP 2006,Unknown,Null,Engage with DSE and other interagency programs to address salinity problems i.e. provide contour revegetation programs.,Revegetation,Very High,4,,Entire Reach,Entire Reach,$-,$-,Unknown,,High salinity throughout entire reach.,,,,
WAP_2025_08_00495,,Reach 1,E1/3,R1/1,Wattle Creek WAP 2005,Unknown,Null,Support Greens Swamp rehabilitation plan,Fencing & Revegetation,Medium,2,WCMA,Reach,Reach,$-,$-,Unknown,,Greens Swamp provides important habitat,,,,
WAP_2025_08_00496,,Reach 4,E1/4,R4,Wattle Creek WAP 2005,Unknown,Null,Negotiate stock access control and fencing with adjoining landowners and revegetate.,Fencing & Revegetation,Medium,2,WCMA,Reach,Reach,"$49,000.00",$-,Unknown,,Mainstem vegetation and numerous waterholes along mainstem with aged RRG and pool habitats need stronger protection,,,,
WAP_2025_08_00497,,Reach 5,E1/5,R5,Wattle Creek WAP 2005,Unknown,Null,Negotiate stock access control and fencing with adjoining landowners and revegetate.,Fencing & Revegetation,Medium,2,WCMA,Reach,Reach,"$35,000.00",$-,Unknown,,Mainstem vegetation and numerous waterholes along mainstem with aged RRG and pool habitats need stronger protection,,,,
WAP_2025_08_00498,,Reach 6,E1/6,R 6,Wattle Creek WAP 2005,Unknown,Null,Negotiate stock access control and fencing with adjoining landowners and revegetate.,Fencing & Revegetation,High,3,WCMA,Reach,Reach,"$28,000.00",$-,Unknown,,Mainstem vegetation and numerous waterholes along mainstem with aged RRG and pool habitats need stronger protection,,,,
WAP_2025_08_00499,,Reach 8,E1/8,R8,Wattle Creek WAP 2005,Unknown,Null,Protect the stream morphology through construction of stock watering access facilities and fence out section,Fencing & Revegetation,Medium,2,WCMA,Upper reach,Upper reach,"$50,000.00",$-,Unknown,,Deep old course pool form with good structure require protection from uncontrolled stock access,,,,
WAP_2025_08_00500,,Reach 9,E1/9,R9,Wattle Creek WAP 2005,Unknown,Null,Protect the stream morphology through construction of stock watering access facilities and fence out section,Fencing & Revegetation,Medium,2,WCMA,Upper reach,Upper reach,"$75,000.00",$-,Unknown,,Deep old course pool form in around Landsborough with good structure require protection from uncontrolled stock access,,,,
WAP_2025_08_00503,,Reach 1,F1/1,R1/1,Wattle Creek WAP 2005,Unknown,Null,Negotiate flood warning  signage for road crossing of greens creek and Stawell Avoca and Parry Jones Roads,Flood Signage,Medium,2,Refered to Council,Reach,Reach,$-,$-,Unknown,,Road safety danger through flooding of Stawell Avoca and Parry Jones Road in large events,,,,
WAP_2025_08_00504,,Reach 1,F1/2,R1/1,Wattle Creek WAP 2005,Unknown,Null,Negotiate flood warning  signage for road crossing of Stawell Avoca Road,Flood Signage,Medium,2,Refered to Council,Reach,Reach,$-,$-,Unknown,,Road safety danger through broad flooding of Stawell Avoca  Road in large events,,,,
WAP_2025_08_00505,,Reach 3,F1/3,R3 and R3/2/1,Wattle Creek WAP 2005,Unknown,Null,Negotiate flood warning  signage for road crossing of Stawell Avoca Road,Flood Signage,Medium,2,Refered to Council,Reach,Reach,$-,$-,Unknown,,Road safety danger through broad flooding of Stawell Avoca  Road in large events at main stem and Batcocks scour,,,,
WAP_2025_08_00506,,Reach 4,F1/4,R4 and R4/6,Wattle Creek WAP 2005,Unknown,Null,Negotiate flood warning signage for road crossing of Stawell Avoca Road and review flood management options for Navarre township,Flood Signage,High,3,Refered to Council,Multiple,Multiple,"$12,000.00",$-,Unknown,,Road safety danger through broad flooding of Stawell Avoca Road and Navarre from Blind Creek in large events,,,,
WAP_2025_08_00507,,Reach 4,F1/5,R4 and R4/6,Wattle Creek WAP 2005,Unknown,Null,Negotiate for improved flood warning signage for road crossings with Council,Flood Signage,High,3,Refered to Council,Reach,Reach,"$12,000.00",$-,Unknown,,"Road safety danger through broad flooding of Barkly Navarre road, Marland Road, Bibby's Road and Marshalls Lane in large events",,,,
WAP_2025_08_00508,,Reach 6,F1/6,R6,Wattle Creek WAP 2005,Unknown,Null,Negotiate for improved flood warning signage for road crossing with Council,Flood Signage,High,3,Refered to Council,Reach,Reach,$-,$-,Unknown,,Road safety danger through broad flooding of Landsborough Barkly Road in large events,,,,
WAP_2025_08_00510,,Reach 1,F1/8,R1/1,Wattle Creek WAP 2005,Unknown,Null,Negotiate flood warning  signage for road crossings,Flood Signage,Medium,2,Refered to Council,Reach,Reach,$-,$-,Unknown,,Road safety danger through flooding of minor rural roads in large events,,,,
WAP_2025_08_00511,,Reach 1,F1/9,R1/1,Wattle Creek WAP 2005,Unknown,Null,Undertake detailed flood analysis to determine assets at risk,Flood Management,High,3,WCMA & Council,Landsborough,Landsborough,"$15,000.00",$-,Unknown,,Road safety danger through flooding of Landsborough township in large events,,,,
WAP_2025_08_00512,,Reach 1,F2/1,R1 and R1/1,Wattle Creek WAP 2005,Unknown,Null,Undertake a flood modelling investigation for the lower Heifer and Greens Creek catchments,Flood Management,Low,1,WCMA & Council,Reach,Reach,"$30,000.00",$-,Unknown,,A lack of quality flood modelling to guide risk management programs,,,,
WAP_2025_08_00513,,Reach 1,F2/2,R1 and R1/1,Wattle Creek WAP 2005,Unknown,Null,Undertake a flood modelling investigation for the Lower Heifer Station and Howards Creek floodplain and tributaries,Flood Management,Low,1,WCMA & Council,Reach,Reach,"$45,000.00",$-,Unknown,,A lack of quality flood modelling to guide risk management programs in a  area downstream of junction of major catchments,,,,
WAP_2025_08_00514,,Reach 3,F2/3,R3,Wattle Creek WAP 2005,Unknown,Null,Undertake a flood modelling investigation for the tributaries of Batcocks Scour,Flood Management,Low,1,WCMA & Council,Reach,Reach,"$25,000.00",$-,Unknown,,A lack of quality flood modelling to guide risk management programs in a area done stream of junction of major catchments,,,,
WAP_2025_08_00515,,Reach 4,F2/4,"R4/1, R4/2/1",Wattle Creek WAP 2005,Unknown,Null,Undertake a flood modelling investigation for the tributaries of R4/1,Flood Management,Medium,2,WCMA & Council,Multiple,Multiple,"$20,000.00",$-,Unknown,,A lack of quality flood modelling to guide risk management programs in an area downstream of junction of major catchments arising from the Landsborough Hill range,,,,
WAP_2025_08_00516,,Reach 7,F2/7,R,Wattle Creek WAP 2005,Unknown,Null,Undertake a flood modelling investigation for the lower Howard Creek Floodplain,Flood Management,Low,1,WCMA & Council,Reach,Reach,"$32,000.00",$-,Unknown,,A lack of quality flood modelling to guide risk management programs in the lower Howard Creek floodplain through to Junction with Heifer Station Creek,,,,
WAP_2025_08_00525,,Multiple,S 5/8,multiple,Wattle Creek WAP 2005,Unknown,Null,Monitor minor foothill tributaries for movement of minor bank and bed erosion after episodic events,Monitor,Medium,2,,Reach,Reach,$-,$-,Unknown,,Minor instabilities in foothill tributary channels,,,,
WAP_2025_08_00527,,Reach 5,S 6/6,R5/1/3,Wattle Creek WAP 2005,Unknown,Null,Monitor minor foothill tributaries for movement of minor bank and bed erosion after episodic events,Monitor,Medium,2,,Reach,Reach,$-,$-,Unknown,,Minor instabilities in foothill tributary channels,,,,
WAP_2025_08_00528,,Multiple,S 6/9,multiple,Wattle Creek WAP 2005,Unknown,Null,Monitor minor foothill tributaries for movement of minor bank and bed erosion after episodic events - particularly old gold mining areas upstream of Landsborough Elmhurst Road,Monitor,Medium,2,,Reach,Reach,$-,$-,Unknown,,Minor instabilities in foothill tributary channels,,,,
WAP_2025_08_00534,,Reach 6,S1/6,R6/8,Wattle Creek WAP 2005,Unknown,Null,Establish a de-energisation chute at the road culvert and stabilise channel upstream and downstream,Stability,Medium,2,,693200,59075,"$36,000.00",$-,Unknown,,Old incision process with ongoing heads and culvert scour at Stawell Avoca Road,,,,
WAP_2025_08_00535,,Reach 7,S1/7,R7,Wattle Creek WAP 2005,Unknown,Null,Investigate cause and stabilise areas of erosion,Stability,Medium,2,,Reach,Reach,"$31,500.00",$-,Unknown,,Channelisation of creek to drain the Howard Creek Swamp has created small scours along whole reach up to Tulkara Road,,,,
WAP_2025_08_00539,,Reach 4,S10/4,"R4/3, R4/4, R4/5",Wattle Creek WAP 2005,Unknown,Null,Monitor minor foothill tributaries for movement of minor bank and bed erosion after episodic events. Revegetate the stabilised works areas,Monitor,Low,1,,Multiple,Multiple,"$50,000.00",$-,Unknown,,Minor instabilities in stabilised channels of plain area and foothill tributary channels from Pyrenees of Blind Creek catchment - some past DPI/SCA works,,,,
WAP_2025_08_00541,,Reach 4,S11/4,R4,Wattle Creek WAP 2005,Unknown,Null,Investigate purpose of weir and either remove or refurbish if weir has a significant role,Stability,Low,1,,Reach,Reach,"$4,000.00",$-,Unknown,,Old weir d/s of Navarre in disrepair,,,,
WAP_2025_08_00542,,Reach 5,S11/5,R5/1/3,Wattle Creek WAP 2005,Unknown,Null,Monitor minor foothill tributaries for movement of minor bank and bed erosion after episodic events,Monitor,Medium,2,,Reach,Reach,$-,$-,Unknown,,Minor instabilities in foothill tributary channels,,,,
WAP_2025_08_00551,,Reach 9,S2/9,R9/1,Wattle Creek WAP 2005,Unknown,Null,Undertake bank stabilisation and revegetation works,Stability,Low,1,,Reach,Reach,"$36,000.00",$-,Unknown,,Minor bank instability upstream of Vendy lane. Low priority,,,,
WAP_2025_08_00561,,Reach 2,S4/2,R2/2/1,Wattle Creek WAP 2005,Unknown,Null,Monitor minor foothill tributaries for movement of minor bank and bed erosion after episodic events,Monitor,Medium,4,,Multiple,Multiple,$-,$-,Unknown,,Minor instabilities in foothill tributary channels,,,,
WAP_2025_08_00574,,Reach 7,S5/7,R7/3,Wattle Creek WAP 2005,Unknown,Null,Monitor and seek to intervene if creek starts to re-erode after a major event,Stability,Low,1,,Reach,Reach,$-,$-,Unknown,,Old channel has small insidious erosion due to stock pressure and lack of vegetation (land owner unwilling to fence and revegetate),,,,
WAP_2025_08_00577,,Reach 3,S6/3,R3/1 & R3/2/5,Wattle Creek WAP 2005,Unknown,Null,Monitor minor foothill tributaries for movement of minor bank and bed erosion after episodic events,Monitor,Medium,2,,Multiple,Multiple,$-,$-,Unknown,,Minor instabilities in foothill tributary channels,,,,
WAP_2025_08_00582,,Reach 3,S8/3,R3/2/5,Wattle Creek WAP 2005,Unknown,Null,Monitor tributaries for movement of minor bank and bed erosion after episodic events,Monitor,Medium,2,,Multiple,Multiple,$-,$-,Unknown,,Minor instabilities due to large dam construction on this reach d/s of Kanya Road,,,,
WAP_2025_08_00585,,Reach 4,S9/4,"R4/3, R4/4, R4/5",Wattle Creek WAP 2005,Unknown,Null,Monitor minor foothill tributaries for movement of minor bank and bed erosion after episodic events,Monitor,Medium,2,,Multiple,Multiple,$-,$-,Unknown,,Minor instabilities in foothill tributary channels  from Navarre Hill - some past SCA works,,,,
WAP_2025_08_00586,,Reach 5,S9/5,R5/7/2,Wattle Creek WAP 2005,Unknown,Null,Construct 3 drop structures d/s of the road and provide a  chute for the ford to ensure its integrity. (provide safety Signage),Stability,Very High,4,WCMA,697800,59090,"$45,000.00",$-,Completed,,Stewarts Road Ford has a very deep active erosion head at the road which has been stabilsied many times,,,,
WAP_2025_08_00588,,Reach 1,V1/2,R1,Wattle Creek WAP 2005,Unknown,Null,"Provide for controlled stock access, fence and assist with revegetation of corridor",Fencing & Revegetation,High,3,WCMA,Reach,Reach,"$100,000.00",$-,Unknown,,"Thin , discontinuous, remnant riparian forest and bank vegetation along mainstem under threat from uncontrolled grazing and large gaps breaking wildlife and riparian corridor",,,,
WAP_2025_08_00589,,Reach 3,V1/3,R3,Wattle Creek WAP 2005,Unknown,Null,"Provide for controlled stock access, fence and assist with revegetation of corridor",Fencing & Revegetation,High,3,WCMA,Reach,Reach,"$62,500.00",$-,Unknown,,"Thin , discontinuous, remnant riparian forest and bank vegetation along mainstem under threat from uncontrolled grazing and large gaps breaking wildlife and riparian corridor",,,,
WAP_2025_08_00590,,Reach 4,V1/4,R4,Wattle Creek WAP 2005,Unknown,Null,"Provide for controlled stock access, fence and assist with revegetation of corridor",Fencing & Revegetation,High,3,WCMA,Reach,Reach,"$87,500.00",$-,Unknown,,"Thin , discontinuous, remnant riparian forest and bank vegetation along mainstem under threat from uncontrolled grazing and large gaps breaking wildlife and riparian corridor",,,,
WAP_2025_08_00591,,Reach 5,V1/5,R5,Wattle Creek WAP 2005,Unknown,Null,Investigate techniques to lower the saturation levels in the riparian areas,Investigate,Very High,4,,Reach,Reach,"$12,000.00",$-,Unknown,,Sediment saturation levels and salt affecting the riparian community at the junction of R54/1 and downstream,,,,
WAP_2025_08_00592,,Reach 6,V1/6,R6,Wattle Creek WAP 2005,Unknown,Null,"Provide for controlled stock access, fence and assist with revegetation of corridor",Fencing & Revegetation,Very High,4,WCMA,Reach,Reach,"$112,500.00",$-,Unknown,,"Thin , discontinuous, remnant riparian forest and bank vegetation along mainstem under threat from uncontrolled grazing and large gaps breaking wildlife and riparian corridor",,,,
WAP_2025_08_00593,,Reach 6,V1/6,R6,Wattle Creek WAP 2005,Unknown,Null,"Provide for controlled stock access, fence and assist with revegetation of corridor",Fencing & Revegetation,Very High,4,WCMA,Reach,Reach,"$112,500.00",$-,Unknown,,"Thin , discontinuous, remnant riparian forest and bank vegetation along mainstem under threat from uncontrolled grazing and large gaps breaking wildlife and riparian corridor",,,,
WAP_2025_08_00594,,Reach 7,V1/7,R7,Wattle Creek WAP 2005,Unknown,Null,"Provide for controlled stock access, fence and assist with revegetation of corridor",Fencing & Revegetation,Very High,4,WCMA,Reach,Reach,"$75,000.00",$-,Unknown,,"Some good riparian vegetation but most thin , discontinuous. Remnant riparian forest and bank vegetation along mainstem under threat from uncontrolled grazing and large gaps breaking wildlife and riparian corridor",,,,
WAP_2025_08_00595,,Reach 8,V1/8,R8,Wattle Creek WAP 2005,Unknown,Null,Fence as per E1/8 and assist with revegetation of riparian areas,Fencing & Revegetation,High,3,WCMA,Reach,Reach,"$87,500.00",$-,Unknown,,Remnant riparian forest and bank vegetation under threat from uncontrolled grazing and large gaps,,,,
WAP_2025_08_00596,,Reach 8,V1/9,R8,Wattle Creek WAP 2005,Unknown,Null,Fence as per E1/9 and assist with revegetation of riparian areas,Fencing & Revegetation,High,3,WCMA,various,various,"$87,500.00",$-,Unknown,,Remnant riparian forest and bank vegetation under threat from uncontrolled grazing and large gaps,,,,
WAP_2025_08_00597,,Reach 1,V2/1,R1/2/1 &R 1/2/3,Wattle Creek WAP 2005,Unknown,Null,Fence & revegetate,Fencing & Revegetation,Medium,2,WCMA,Multiple,Multiple,"$30,000.00",$-,Unknown,,Greens swamp revegetation program going well but needs extension upstream in to tributaries,,,,
WAP_2025_08_00598,,Reach 2,V2/2,R2/2/1,Wattle Creek WAP 2005,Unknown,Null,Support fencing and revegetation of stream corridor with grants,Fencing & Revegetation,Medium,2,WCMA,Multiple,Multiple,"$20,000.00",$-,Unknown,,Minor tributaries lack vegetation cover along streams - some revegetation by land owners,,,,
WAP_2025_08_00599,,Reach 3,V2/3,R3/1/1,Wattle Creek WAP 2005,Unknown,Null,Support fencing and revegetation of stream corridor with grants,Fencing & Revegetation,Medium,2,WCMA,Multiple,Multiple,"$75,000.00",$-,Unknown,,Minor tributaries lack vegetation cover along streams - some revegetation by land owners,,,,
WAP_2025_08_00600,,Reach 3,V2/4,R3/1/1,Wattle Creek WAP 2005,Unknown,Null,Support fencing and revegetation of stream corridor with grants,Fencing & Revegetation,Medium,2,WCMA,Multiple,Multiple,"$100,000.00",$-,Unknown,,Minor tributaries lack vegetation cover along streams - some revegetation by land owners,,,,
WAP_2025_08_00601,,Reach 5,V2/5,R5,Wattle Creek WAP 2005,Unknown,Null,"Provide for controlled stock access, fence and assist with revegetation of corridor",Fencing & Revegetation,Very High,4,WCMA,Reach,Reach,"$100,000.00",$-,Unknown,,"Thin , discontinuous, remnant riparian forest and bank vegetation along mainstem under threat from uncontrolled grazing and large gaps breaking wildlife and riparian corridor",,,,
WAP_2025_08_00603,,Reach 8,V2/8,all,Wattle Creek WAP 2005,Unknown,Null,Support fencing and revegetation of stream corridor with grants,Fencing & Revegetation,Medium,2,WCMA,Reach,Reach,"$60,000.00",$-,Unknown,,Minor tributaries lack vegetation cover along streams - some revegetation by land owners,,,,
WAP_2025_08_00604,,Reach 9,V2/9,all,Wattle Creek WAP 2005,Unknown,Null,Support fencing and revegetation of stream corridor with grants,Fencing & Revegetation,Medium,2,WCMA,various,various,"$40,000.00",$-,Unknown,,Minor tributaries lack vegetation cover along streams - some revegetation by land owners,,,,
WAP_2025_08_00605,,Reach 1,V3/1,R1,Wattle Creek WAP 2005,Unknown,Null,Undertake fencing and revegetation program to create suitable linkage asset,Fencing & Revegetation,High,3,WCMA,Reach,Reach,$-,$-,Unknown,,Lack of corridoor between Greens Swamp and riparian area of Heifer Station Creek,,,,
WAP_2025_08_00606,,All Reaches,V3/5,All Reaches,Wattle Creek WAP 2005,Unknown,Null,Support fencing and revegetation of stream corridor with grants,Fencing & Revegetation,Medium,2,WCMA,Reach,Reach,"$150,000.00",$-,Unknown,,Minor tributaries lack vegetation cover along streams - some revegetation by land owners,,,,
WAP_2025_08_00607,,Reach 6,V3/6,R6,Wattle Creek WAP 2005,Unknown,Null,Protect vegetation through fencing and other support programs i.e. Land for Wildlife.   Educate landholders to the support programs availible.,Fencing & Revegetation,Medium,2,WCMA,Reach,Reach,$-,$-,Unknown,,High value remnant vegetation in upper catchment to be preserved,,,,
WAP_2025_08_00608,,Reach 7,V3/7,all,Wattle Creek WAP 2005,Unknown,Null,Support fencing and revegetation of stream corridor with grants,Fencing & Revegetation,Medium,2,WCMA,Reach,Reach,"$75,000.00",$-,Unknown,,Minor tributaries lack vegetation cover along streams - some revegetation by land owners,,,,
WAP_2025_08_00609,,Reach 8,V3/8,Unknown,Wattle Creek WAP 2005,Unknown,Null,Protect vegetation through fencing and other support programs i.e. Land for Wildlife.  Educate landholders to support programs availible.,Fencing & Revegetation,Medium,2,WCMA,Reach,Reach,$-,$-,Unknown,,High value remnant vegetation in upper catchment to be preserved,,,,
WAP_2025_08_00610,,Reach 9,V3/9,Unknown,Wattle Creek WAP 2005,Unknown,Null,Weed removal works,Weed Control,Low,1,,Reach,Reach,$-,$-,Unknown,,Weed cover in and around Landsborough requires treatment before threat escapes into adjoining catchment,,,,
WAP_2025_08_00611,,Multiple,V4/5,Various,Wattle Creek WAP 2005,Unknown,Null,Protect vegetation through fencing and other support programs i.e. Land for Wildlife.  Educate landholders as to the support programs availible.,Fencing & Revegetation,Medium,2,WCMA,Reach,Reach,$-,$-,Unknown,,High value remnant vegetation in upper catchment to be preserved,,,,
WAP_2025_08_00612,,Reach 9,V4/9,Unknown,Wattle Creek WAP 2005,Unknown,Null,Fencing and removal of stock  pressure,Fencing,Low,1,WCMA,Reach,Reach,$-,$-,Unknown,,Remnant vegetation remaining in riparian area is under pressure from stock,,,,
WAP_2025_08_00613,,Reach 9,V5/9,Unknown,Wattle Creek WAP 2005,Unknown,Null,Protect vegetation through fencing and other support programs i.e. Land for Wildlife.  Educate landholders as to the support programs availible.,Fencing & Revegetation,Medium,2,WCMA,Reach,Reach,$-,$-,Unknown,,High value remnant vegetation in upper catchment to be preserved,,,,
WAP_2025_08_00614,,Reach 1,W 1/1,R1,Wattle Creek WAP 2005,Unknown,Null,Support Salinity Management Plan actions throughout catchment,Water Quality,Medium,2,,Reach,Reach,$-,$-,Unknown,,Salinity of pools elevated,,,,
WAP_2025_08_00615,,Reach 1,W 1/2,R1,Wattle Creek WAP 2005,Unknown,Null,Support Salinity Management Plan actions throughout catchment,Water Quality,Medium,2,,Reach,Reach,$-,$-,Unknown,,Salinity of pools elevated,,,,
WAP_2025_08_00616,,Reach 3,W 1/3,R3/2/1,Wattle Creek WAP 2005,Unknown,Null,Investigate opportunities to improve water quality treatment performance of swamp through insertion of wall and orifices,Water Quality,Medium,2,,Multiple,Multiple,$-,$-,Unknown,,High suspended solids and turbidity in Batcocks Scour being treated in old swamp and could be improved,,,,
WAP_2025_08_00617,,Multiple,W 1/5,"R/3/1, R5/4/1, R5/5/1, R5/6/1",Wattle Creek WAP 2005,Unknown,Null,Investigate opportunities to improve sediment and water quality treatment performance through the establishment of formal sediment traps on the tributaries upstream of the mainstem,Water Quality,Urgent,5,,Various,Various,"$15,000.00",$-,Unknown,,"High bed load, suspended solids and turbidity in lateral tributaries having direct impact on the mainstem of Wattle Creek",,,,
WAP_2025_08_00618,,Reach 6,W 1/6,"R6/8, R6/1",Wattle Creek WAP 2005,Unknown,Null,Investigate opportunities to improve sediment and water quality treatment performance through the establishment of formal sediment traps on the tributaries upstream of the mainstem,Water Quality,Very High,4,,Reach,Reach,"$15,000.00",$-,Unknown,,"High bed load, suspended solids and turbidity in lateral tributaries having direct impact on the mainstem of Wattle Creek",,,,
WAP_2025_08_00621,,Multiple,W1/8,multiple,Wattle Creek WAP 2005,Unknown,Null,Fence & revegetate,Fencing & Revegetation,Medium,2,WCMA,Various,Various,"$60,000.00",$-,Unknown,,"Eroding channels in high slaking soils producing salt, sediment and turbidity",,,,
WAP_2025_08_00622,,Multiple,W1/9,multiple,Wattle Creek WAP 2005,Unknown,Null,Fence & revegetate,Fencing & Revegetation,Medium,2,WCMA,Various,Various,"$60,000.00",$-,Unknown,,"Eroding channels in high slaking soils producing salt, sediment and turbidity",,,,
WAP_2025_08_00627,,Multiple,W2/8,multiple,Wattle Creek WAP 2005,Unknown,Null,Investigate opportunities to enhance stream stability and Turbidity reduction performance through establishment of sediment traps.,Water Quality,Medium,2,,Various,Various,"$12,000.00",$-,Unknown,,Many tributaries connect directly to Howards creek without trapping of gross solids in foothill fans or swamps,,,,
WAP_2025_08_00628,,Multiple,W2/9,multiple,Wattle Creek WAP 2005,Unknown,Null,Investigate opportunities to enhance stream stability and Turbidity reduction performance through establishment of sediment traps.,Water Quality,Medium,2,,Various,Various,"$12,000.00",$-,Unknown,,Many tributaries connect directly to Howards creek without trapping of gross solids in foothill fans or swamps,,,,
WAP_2025_08_00629,,Reach 1,W3/1,R1/1,Wattle Creek WAP 2005,Unknown,Null,Investigate opportunities to enhance is and Turbidity reduction performance through sed pond and stored event management,Water Quality,Medium,2,,Null,Null,"$17,500.00",$-,Unknown,,Greens Swamp performing a major water quality improvement function,,,,
WAP_2025_08_00631,,Unknown,Unknown,Unknown,Unknown,Unknown,Unknown,Unknown,Unknown,Unknown,Unknown,Unknown,Null,Null,$-,$-,Planning,,Between the boundary fence 500m downstream of Joel Joel hall and Vances vrossing road,,,,
WAP_2025_08_00632,,Unknown,Unknown,Unknown,Wimmera River WAP 2002 - Reach 6.2,Unknown,Null,Fence left and right banks as required. Provide off stream watering points for stock as necessary,Fencing,Medium,2,WCMA,Null,Null,$-,$-,Planning,,From the downstream end of reach 6.2 to the boundary fence 500m downstream of Joel Joel hall,,,,
WAP_2025_08_00638,,Reach 2.1,2.1.1,Unknown,Wimmera River WAP 2003 - Reach 2,Unknown,Null,Fence both sides of river from Hanging Swamp to the Little Wimmera Road crossing (apporximately 225m) if stock have access,Fencing,High,3,WCMA,Null,Null,$-,$-,Planning,,,,,,
WAP_2025_08_00639,,Reach 2.1,2.1.1,Unknown,Wimmera River WAP 2003 - Reach 2,Unknown,Null,Investigate future activities in adjacent plantation to determine possible impacts on swamp,Investigate,High,3,,Null,Null,$-,$-,Planning,,,,,,
WAP_2025_08_00640,,Reach 2.1,2.1.1,Unknown,Wimmera River WAP 2003 - Reach 2,Unknown,Null,"Monitor the rate of movement of the erosion heads through the swamp using ground survey (including pegs in ground, photos, and measurement)",Monitor,High,3,,Null,Null,$-,$-,Unknown,,Surveyed again in 2004. Needs comparing with 2002 suevey. Willows and erosion heads to resolve - loss of swamp potential . Monitor,,,,
WAP_2025_08_00641,,Reach 2.1,2.1.1,Unknown,Wimmera River WAP 2003 - Reach 2,Unknown,Null,Monitor movement of erosion heads among exotic vegetation,Monitor,High,3,,Null,Null,$-,$-,Planning,,,,,,
WAP_2025_08_00642,,Reach 2.1,2.1.1,Unknown,Wimmera River WAP 2003 - Reach 2,Unknown,Null,Selective poisoning/removal of willows in reach pending results of monitoring. Any actions here will depend on outcomesof monitoring heads on edge of the swamp,Weed Control,High,3,,Null,Null,$-,$-,Planning,,,,,,
WAP_2025_08_00643,,Reach 2.1,2.1.2,Unknown,Wimmera River WAP 2003 - Reach 2,Unknown,Null,Determine whether stock access the section upstream of the culvert and fence if required,Fencing,Low,1,WCMA,Null,Null,$-,$-,Planning,,,,,,
WAP_2025_08_00644,,Reach 2.1,2.1.2,Unknown,Wimmera River WAP 2003 - Reach 2,Unknown,Null,Monitor for stability and pest plants from upstream in short section below confluence with Tom The Tailor Creek,Stability,Low,1,,Null,Null,$-,$-,Unknown,,,,,,
WAP_2025_08_00645,,Reach 2.2,2.2.1,Unknown,Wimmera River WAP 2003 - Reach 2,Unknown,Null,Install fencing on both sides of river to restrict stock access,Fencing,Medium,2,WCMA,Null,Null,$-,$-,Planning,,,,,,
WAP_2025_08_00646,,Reach 2.2,2.2.1,Unknown,Wimmera River WAP 2003 - Reach 2,Unknown,Null,Fence out the left bank (400m) and repair damaged sections of the right fence,Fencing,Medium,2,WCMA,Null,Null,$-,$-,Planning,,,,,,
WAP_2025_08_00647,,Reach 2.2,2.2.1,Unknown,Wimmera River WAP 2003 - Reach 2,Unknown,Null,Poison and follow up removal of willows and poplars through reach over approximately 400m,Removal of Vegetation,Medium,2,,Null,Null,$-,$-,Planning,,,,,,
WAP_2025_08_00648,,Reach 2.2,2.2.1,Unknown,Wimmera River WAP 2003 - Reach 2,Unknown,Null,"Monitor and control, if necessary, erosion heads currently located among some willow roots",Stability,Medium,2,,Null,Null,$-,$-,Unknown,,,,,,
WAP_2025_08_00649,,Reach 2.2,2.2.1,Unknown,Wimmera River WAP 2003 - Reach 2,Unknown,Null,Longitudinal bed survey,Stability,Medium,2,,Null,Null,$-,$-,Unknown,,,,,,
WAP_2025_08_00650,,Reach 2.2,2.2.1,Unknown,Wimmera River WAP 2003 - Reach 2,Unknown,Null,Monitor erosion heads and implement stabilisation measures where required,Stability,Medium,2,,Null,Null,$-,$-,Unknown,,,,,,
WAP_2025_08_00651,,Reach 2.3,2.3.1,Unknown,Wimmera River WAP 2003 - Reach 2,Unknown,Null,"Within the section dominated by willows and hawthorn, remove exotic vegetation and fence and revegetate (approx 600m)",Weed Control,Medium,2,WCMA,Null,Null,$-,$-,Planning,,,,,,
WAP_2025_08_00652,,Reach 2.3,2.3.1,Unknown,Wimmera River WAP 2003 - Reach 2,Unknown,Null,Manage erosion heads among the willow roots to ensure they dont progress into the stable upstream section of the reach,Stability,Medium,2,,Null,Null,$-,$-,Unknown,,,,,,
WAP_2025_08_00653,,Reach 2.3,2.3.2,Unknown,Wimmera River WAP 2003 - Reach 2,Unknown,Null,Fencing and revegetation at start of reach to protect vulnerable banks (approx 190m either side),Fencing & Revegetation,Low,1,WCMA,Null,Null,$-,$-,Planning,,,,,,
WAP_2025_08_00654,,Reach 2.3,2.3.2,Unknown,Wimmera River WAP 2003 - Reach 2,Unknown,Null,"Fence and revegetate other unfenced sections of river (300m right bank, 600m left bank)",Fencing & Revegetation,Low,1,WCMA,Null,Null,$-,$-,Planning,,,,,,
WAP_2025_08_00655,,Reach 2.4,2.4.1,Unknown,Wimmera River WAP 2003 - Reach 2,Unknown,Null,From drop structure to downstream end of section where river reverts to swamp complete fencing on both banks (approx 1100m total) increasing width,Fencing,High,3,WCMA,Null,Null,$-,$-,Planning,,,,,,
WAP_2025_08_00656,,Reach 2.4,2.4.1,Unknown,Wimmera River WAP 2003 - Reach 2,Unknown,Null,Revegetate left and right banks,Revegetation,High,3,,Null,Null,$-,$-,Planning,,,,,,
WAP_2025_08_00657,,Reach 2.4,2.4.10,Unknown,Wimmera River WAP 2003 - Reach 2,Unknown,Null,Fence and revegetate left and right banks (approx 1500m),Fencing & Revegetation,Medium,2,WCMA,Null,Null,$-,$-,Planning,,From upstream of Landsborough Rd to confluence with Glenlofty Creek,,,,
WAP_2025_08_00658,,Reach 2.4,2.4.10,Unknown,Wimmera River WAP 2003 - Reach 2,Unknown,Null,Reintroduce LWD for habitat value,Reintroduce Large Woody Debris,Medium,2,WCMA,Null,Null,$-,$-,Planning,,From upstream of Landsborough Rd to confluence with Glenlofty Creek,,,,
WAP_2025_08_00659,,Reach 2.4,2.4.10,Unknown,Wimmera River WAP 2003 - Reach 2,Unknown,Null,Remove gorse,Removal of Vegetation,Medium,2,,Null,Null,$-,$-,Planning,,From upstream of Landsborough Rd to confluence with Glenlofty Creek,,,,
WAP_2025_08_00660,,Reach 2.4,2.4.11,Unknown,Wimmera River WAP 2003 - Reach 2,Unknown,Null,Investigate provision of fish passage past the drop structure,Investigate,Low,1,,Null,Null,$-,$-,Planning,,Confirm if migratory fish are present then consider options for fish ladder if required.,,,,
WAP_2025_08_00661,,Reach 2.4,2.4.2,Unknown,Wimmera River WAP 2003 - Reach 2,Unknown,Null,Remove exotic vegetation from river and Rocky Creek confluence (approx 200m),Weed Control,High,3,,Null,Null,$-,$-,Planning,,,,,,
WAP_2025_08_00662,,Reach 2.4,2.4.3,Unknown,Wimmera River WAP 2003 - Reach 2,Unknown,Null,Remove gorse (1100m),Removal of Vegetation,High,3,,Null,Null,$-,$-,Planning,,Commencing 1100m upstyream of Elmhurst-Glenpatrick Road bridge,,,,
WAP_2025_08_00663,,Reach 2.4,2.4.3,Unknown,Wimmera River WAP 2003 - Reach 2,Unknown,Null,Revegetate to railway line (some parts already done),Revegetation,High,3,,Null,Null,$-,$-,Planning,,,,,,
WAP_2025_08_00664,,Reach 2.4,2.4.4,Unknown,Wimmera River WAP 2003 - Reach 2,Unknown,Null,Fence both banks between railway line and Elmhurst-Glenpatrick Rd (approx 200m either side) Existing fencing on right bank to be replaced,Fencing,High,3,WCMA,Null,Null,$-,$-,Planning,,,,,,
WAP_2025_08_00665,,Reach 2.4,2.4.5,Unknown,Wimmera River WAP 2003 - Reach 2,Unknown,Null,Fence gaps and revegetate on left and right banks (approx 300m),Fencing & Revegetation,High,3,WCMA,Null,Null,$-,$-,Planning,,Between Eyrie Stud boundary and Landsborough Road,,,,
WAP_2025_08_00666,,Reach 2.4,2.4.5,Unknown,Wimmera River WAP 2003 - Reach 2,Unknown,Null,Approach landholders to increase setback of current fencing along the river-if not the permanent fencing at least the temporary fencing,Fencing & Revegetation,High,3,WCMA,Null,Null,$-,$-,Planning,,Between Eyrie Stud boundary and Landsborough Road,,,,
WAP_2025_08_00667,,Reach 2.4,2.4.5,Unknown,Wimmera River WAP 2003 - Reach 2,Unknown,Null,Remove exotic vegetation (some willows),Removal of Vegetation,High,3,,Null,Null,$-,$-,Planning,,Between Eyrie Stud boundary and Landsborough Road,,,,
WAP_2025_08_00668,,Reach 2.4,2.4.6,Unknown,Wimmera River WAP 2003 - Reach 2,Unknown,Null,Remove exotic vegetation from river in swampy section downstream of Rocky Creek confluence to 500m upstream of Pyrenees Hwy (approx 750m),Removal of Vegetation,Medium,2,,Null,Null,$-,$-,Planning,,,,,,
WAP_2025_08_00669,,Reach 2.4,2.4.7,Unknown,Wimmera River WAP 2003 - Reach 2,Unknown,Null,Remove exotic vegetation and fence left bank and revegetate both banks upstream of Pyrenees Hwy (170m),Fencing & Revegetation,Medium,2,WCMA,Null,Null,$-,$-,Planning,,,,,,
WAP_2025_08_00670,,Reach 2.4,2.4.7,Unknown,Wimmera River WAP 2003 - Reach 2,Unknown,Null,Fence and revegetate right bank downstream of Pyrenees Hwy (470m),Fencing & Revegetation,Medium,2,WCMA,Null,Null,$-,$-,Planning,,,,,,
WAP_2025_08_00671,,Reach 2.4,2.4.7,Unknown,Wimmera River WAP 2003 - Reach 2,Unknown,Null,Remove exotic vegetation downstream of Pyrenees Hwy (470m),Removal of Vegetation,Medium,2,,Null,Null,$-,$-,Planning,,,,,,
WAP_2025_08_00672,,Reach 2.4,2.4.8,Unknown,Wimmera River WAP 2003 - Reach 2,Unknown,Null,Fence and revegetate both banks (750m either side),Fencing & Revegetation,Medium,2,WCMA,Null,Null,$-,$-,Planning,,From Elmhurst-Glenpatrick Rd bridge to downstream property boundary of Eyrie Stud (ex deer farm),,,,
WAP_2025_08_00673,,Reach 2.4,2.4.8,Unknown,Wimmera River WAP 2003 - Reach 2,Unknown,Null,Reintroduce LWD for habitat value,Reintroduce Large Woody Debris,Medium,2,WCMA,Null,Null,$-,$-,Planning,,From Elmhurst-Glenpatrick Rd bridge to downstream property boundary of Eyrie Stud (ex deer farm),,,,
WAP_2025_08_00674,,Reach 2.4,2.4.9,Unknown,Wimmera River WAP 2003 - Reach 2,Unknown,Null,Revegetate left and right banks (approx 380m) from downstream of property boundary of Eyrie Stud,Revegetation,Medium,2,,Null,Null,$-,$-,Planning,,,,,,
WAP_2025_08_00675,,Reach 2.4,2.4.9,Unknown,Wimmera River WAP 2003 - Reach 2,Unknown,Null,Continue gorse control from downstream of property boundary of Eyrie Stud,Weed Control,Medium,2,,Null,Null,$-,$-,Planning,,,,,,
WAP_2025_08_00687,,Reach 3,W3,Unknown,Wimmera River WAP 2006 - Reach 3,Unknown,Null,Continue platypus and biological monitoring programs,Platypus Study,High,3,,Entire Reach,Entire Reach,"$24,000.00",$-,Unknown,,Lack of biological condition data,,,,
WAP_2025_08_00689,,Reach 3,W3,Unknown,Wimmera River WAP 2006 - Reach 3,Unknown,Null,"Implement flow, salinity & turbidity monitoring programs",Water Quality,High,3,,Entire Reach,Entire Reach,"$45,000.00",$-,Unknown,,A general lack of environmental condition data to guide management efforts,,,,
WAP_2025_08_00695,,Reach 4,W4,Unknown,Wimmera River WAP 2006 - Reach 4,Unknown,Null,Fence out key habitat pool sites to encourage revegetation,Fencing & Revegetation,High,3,WCMA,Entire Reach,Entire Reach,"$75,500.00",$-,Unknown,,Key habitat pools lack riparian vegetation,,,,
WAP_2025_08_00696,,Reach 4,W4,Unknown,Wimmera River WAP 2006 - Reach 4,Unknown,Null,Fence and revegetate segments around existing trees over 3 years,Fencing & Revegetation,High,3,WCMA,Entire Reach,Entire Reach,"$86,250.00",$-,Unknown,,Loss of riparian cover & continuity,,,,
WAP_2025_08_00699,,Reach 4,W4,Unknown,Wimmera River WAP 2006 - Reach 4,Unknown,Null,"Implement flow, salinity & turbidity monitoring programs",Monitor,High,3,,Entire Reach,Entire Reach,"$24,000.00",$-,Unknown,,A general lack of environmental condition data to guide management efforts,,,,
WAP_2025_08_00700,,Reach 4,W4,Unknown,Wimmera River WAP 2006 - Reach 4,Unknown,Null,Continue platypus and biological monitoring programs,Platypus Study,High,3,,Entire Reach,Entire Reach,"$24,000.00",$-,Unknown,,Lack of biological condition data,,,,
WAP_2025_08_00704,,Reach 4,W4,Unknown,Wimmera River WAP 2006 - Reach 4,Unknown,Null,Control Spiny Rush over 3 years and revegetate,Weed Control,High,3,,Entire Reach,Entire Reach,"$14,400.00",$-,Unknown,,Significant Spiny Rush infestations,,,,
WAP_2025_08_00712,,Reach 5,W5,Unknown,Wimmera River WAP 2006 - Reach 5,Unknown,Null,Continue platypus and biological monitoring programs,Platypus Study,High,3,,Entire Reach,Entire Reach,"$24,000.00",$-,Unknown,,Lack of biological condition data,,,,
WAP_2025_08_00713,,Reach 5,W5,Unknown,Wimmera River WAP 2006 - Reach 5,Unknown,Null,"Implement flow, salinity & turbidity monitoring programs",Water Quality,High,3,,Entire Reach,Entire Reach,"$45,000.00",$-,Unknown,,A general lack of environmental condition data to guide management efforts,,,,
WAP_2025_08_00715,,Reach 5,W5/3,Unknown,Wimmera River WAP 2006 - Reach 5,Unknown,Null,Fence & revegetate,Fencing & Revegetation,High,3,WCMA,Entire Reach,Entire Reach,"$230,000.00",$-,Unknown,,Lack of vegetation,,,,
WAP_2025_08_00722,,Reach 5,W5/4/1,Unknown,Wimmera River WAP 2006 - Reach 5,Unknown,Null,Fence & revegetate,Fencing & Revegetation,High,3,WCMA,Entire Reach,Entire Reach,"$86,250.00",$-,Unknown,,Lack of vegetation,,,,
WAP_2025_08_00734,,Reach 6.1,W6.1,Unknown,Wimmera River WAP 2006 - Reach 6.1,Unknown,Null,Fence out waterway to control stock access and encourage vegetation recruitment,Fencing & Revegetation,Medium,2,WCMA,Entire Reach,Entire Reach,"$28,000.00",$-,Unknown,,Uncontrolled stock access leading to a lack of vegetation recruitment,,,,
WAP_2025_08_00737,,Reach 6.1,W6.1,Unknown,Wimmera River WAP 2006 - Reach 6.1,Unknown,Null,Continue platypus and biological monitoring programs,Platypus Study,High,3,,Entire Reach,Entire Reach,"$24,000.00",$-,Unknown,,Lack of biological condition data,,,,
WAP_2025_08_00738,,Reach 6.1,W6.1,Unknown,Wimmera River WAP 2006 - Reach 6.1,Unknown,Null,"Implement flow, salinity & turbidity monitoring programs",Water Quality,High,3,,Entire Reach,Entire Reach,"$45,000.00",$-,Unknown,,A general lack of environmental condition data to guide management efforts,,,,
WAP_2025_08_00746,,Astons Scour,Unknown,Unknown,Wimmera WAP,Unknown,Null,Fence left and right banks as required,Fencing,Medium,,WCMA,Null,Null,$-,$-,Planning,,"Upstream from confluence of Astons Scour and the Wimmera River, to the drop structures",,,,
WAP_2025_08_00747,,Astons Scour,Astons Scour,Unknown,Wimmera WAP,Unknown,Null,,Unknown,Null,Null,WCMA,Null,Null,$-,$-,Completed,,,,,,
WAP_2025_08_00748,,Little Wimmera,Unknown,Unknown,Wimmera WAP,Unknown,Null,Fence and revegetate the left bank above prive crossing (approx 1470m),Fencing & Revegetation,Low,,WCMA,Null,Null,$-,$-,Planning,,,,,,
WAP_2025_08_00749,,Little Wimmera,Unknown,Unknown,Wimmera WAP,Unknown,Null,Revegetate banks below private crossing to confluence with Wimmera River (approx 70m banks already fenced),Revegetation,Low,,,Null,Null,$-,$-,Planning,,,,,,
WAP_2025_08_00750,,Little Wimmera,Unknown,Unknown,Wimmera WAP,Unknown,Null,Monitor progress of erosion heads,Stability,Low,5,,Null,Null,$-,$-,Unknown,,,,,,
,,,,,,,,,Unknown,,,,,,,,,,,,,,
